VariantId,CI.size..Allele.1,CI.size..Allele.2,Genotype_short,Genotype_long,Depth_short,Depth_long,Times_Upper_Interruptions,Count_Upper_reads_with_interruptions,Times_Upper_Gaps,Times_Bottom_Interruptions,Count_Bottom_reads_with_interruptions,Times_Bottom_Gaps,Total_interrupting_nucleotides_upper,Median_upper,Total_interrupting_nucleotides_bottom,Median_bottom,A_upper_Orange,T_upper_Orange,G_upper_Orange,C_upper_Orange,Total_upper_Orange,Median_orange_upper,Total_read_upper,Count_Orange_Upper_reads_with_interruptions,A_bottom_Orange,T_bottom_Orange,G_bottom_Orange,C_bottom_Orange,Total_bottom_Orange,Median_orange_bottom,Total_read_bottom,Count_Orange_Bottom_reads_with_interruptions,SampleId,event,RepeatUnitLength,Genotype_size_short,Genotype_size_long,source,Path,Q_score_hap1,Q_score_hap2,Interruption_score_hap1_genotype,Interruption_score_hap2_genotype,Interruption_score_hap1_depth,Interruption_score_hap2_depth
chr1-105626455-105626507-TTTA,0,0,13,15,12,13,20,3,0,5,3,0,22,0,5,0,8,1,2,0,11,0,16,2,0,2,2,1,5,0,15,3,NA19240,TRUE,4,52,60,pacbio,NA19240_chr1_105626455_105626507_TTTA.svg,1,1,0.03,0.26,0.03,0.21
chr1-112638897-112638933-ATAGAT,0,0,4,11,16,19,18,7,5,42,19,0,27,0,90,2,1,2,1,3,7,0,18,4,26,18,8,17,69,2,23,19,NA19240,TRUE,6,24,66,pacbio,NA19240_chr1_112638897_112638933_ATAGAT.svg,1,1,0,0,0.18,0
chr1-114954547-114954579-TTTA,0,0,9,10,16,28,6,6,0,36,7,3,12,0,42,0,0,11,1,0,12,0,19,6,3,10,3,2,18,0,32,5,NA19240,TRUE,4,36,40,pacbio,NA19240_chr1_114954547_114954579_TTTA.svg,1,1,0,0,0.05,0.08
chr1-149142262-149142284-GT,0,0,11,12,24,21,14,7,0,17,6,0,16,0,21,0,0,0,0,0,0,0,27,0,0,0,1,0,1,0,23,1,NA19240,TRUE,2,22,24,pacbio,NA19240_chr1_149142262_149142284_GT.svg,1,1,1,0.72,1,0.82
chr1-175248781-175248819-AC,0,0,17,21,18,24,20,3,0,44,12,1,22,0,48,0,0,1,0,0,1,0,19,1,9,3,1,0,13,0,29,1,NA19240,TRUE,2,34,42,pacbio,NA19240_chr1_175248781_175248819_AC.svg,1,1,0.79,0.08,0.8,0.11
chr1-179796132-179796162-AC,0,0,15,18,14,19,5,4,0,26,12,0,5,0,27,1,1,0,0,1,2,0,14,2,5,0,0,1,6,0,21,6,NA19240,TRUE,2,30,36,pacbio,NA19240_chr1_179796132_179796162_AC.svg,1,1,0.59,0.26,0.55,0.27
chr1-185221050-185221084-AC,0,0,14,20,11,15,1,1,0,13,6,0,1,0,15,0,0,0,0,0,0,0,14,0,0,1,0,0,1,0,17,1,NA19240,TRUE,2,28,40,pacbio,NA19240_chr1_185221050_185221084_AC.svg,1,1,1,0.82,1,0.77
chr1-185865582-185865630-AC,0,0,16,26,19,16,18,6,2,46,12,4,23,0,104,1,1,0,0,2,3,0,21,2,11,0,0,2,13,0,18,4,NA19240,TRUE,2,32,52,pacbio,NA19240_chr1_185865582_185865630_AC.svg,1,1,0.47,0.14,0.54,0.04
chr1-189566259-189566283-AATA,0,0,6,9,19,14,6,6,0,5,5,0,10,0,9,0,10,0,0,0,10,0,21,6,9,0,0,0,9,0,18,5,NA19240,TRUE,4,24,36,pacbio,NA19240_chr1_189566259_189566283_AATA.svg,1,1,0,0.02,0.12,0.07
chr1-193801638-193801658-TTTA,0,0,7,8,19,22,9,8,0,11,7,6,10,0,14,0,0,6,0,1,7,0,20,6,0,7,0,1,8,0,25,5,NA19240,TRUE,4,28,32,pacbio,NA19240_chr1_193801638_193801658_TTTA.svg,1,1,0.02,0.02,0.23,0.24
chr1-196339520-196339552-AG,0,0,15,24,19,13,34,19,0,46,9,2,39,1,97,1,4,0,0,1,5,0,21,5,3,3,2,18,26,0,17,5,NA19240,TRUE,2,30,48,pacbio,NA19240_chr1_196339520_196339552_AG.svg,1,1,0.26,0.01,0.35,0
chr1-215114994-215115028-GT,0,0,15,18,14,25,12,3,0,56,9,1,14,0,108,0,0,0,0,0,0,0,15,0,14,4,6,8,32,0,27,5,NA19240,TRUE,2,30,36,pacbio,NA19240_chr1_215114994_215115028_GT.svg,1,1,1,0,1,0.01
chr1-223061553-223061581-TAAT,0,0,6,8,23,12,28,5,3,3,3,0,101,0,3,0,4,2,2,6,14,0,25,2,0,1,1,0,2,0,14,2,NA19240,TRUE,4,24,32,pacbio,NA19240_chr1_223061553_223061581_TAAT.svg,1,1,0,0.37,0.08,0.52
chr1-235778098-235778122-AT,0,0,14,15,13,9,22,6,0,4,3,0,23,0,4,0,0,0,2,4,6,0,16,2,0,0,0,0,0,0,11,0,NA19240,TRUE,2,28,30,pacbio,NA19240_chr1_235778098_235778122_AT.svg,1,1,0.18,1,0.17,1
chr1-238438445-238438469-CA,0,0,15,16,12,14,0,0,0,21,8,1,0,0,27,1,0,0,0,0,0,0,13,0,0,0,0,2,2,0,16,2,NA19240,TRUE,2,30,32,pacbio,NA19240_chr1_238438445_238438469_CA.svg,1,1,1,0.61,1,0.57
chr1-248361497-248361515-AC,0,0,9,11,21,22,5,3,0,8,4,5,5,0,9,0,3,0,0,0,3,0,22,3,1,0,0,0,1,0,23,1,NA19240,TRUE,2,18,22,pacbio,NA19240_chr1_248361497_248361515_AC.svg,1,1,0.26,0.7,0.56,0.83
chr1-33164766-33164790-ATTC,0,0,6,8,10,12,3,3,0,4,4,0,5,0,7,0,1,0,0,0,1,0,10,1,3,3,1,0,7,0,16,4,NA19240,TRUE,4,24,32,pacbio,NA19240_chr1_33164766_33164790_ATTC.svg,1,1,0.51,0.03,0.66,0.11
chr1-43592644-43592668-AC,0,0,12,13,23,22,53,25,0,51,24,0,53,2,52,2,1,24,24,2,51,2,27,25,1,24,24,1,50,2,26,24,NA19240,TRUE,2,24,26,pacbio,NA19240_chr1_43592644_43592668_AC.svg,1,1,0,0,0,0
chr1-60301295-60301333-TG,0,0,18,23,15,15,19,8,0,18,9,0,19,0,19,1,0,1,8,0,9,0,17,2,0,5,0,0,5,0,18,5,NA19240,TRUE,2,36,46,pacbio,NA19240_chr1_60301295_60301333_TG.svg,1,1,0.14,0.42,0.09,0.27
chr1-68043271-68043303-TGAA,0,0,9,10,19,23,39,21,9,37,27,1,48,1,42,1,0,1,0,2,3,0,23,2,1,0,1,0,2,0,27,2,NA19240,TRUE,4,36,40,pacbio,NA19240_chr1_68043271_68043303_TGAA.svg,1,1,0.26,0.45,0.53,0.71
chr1-70508168-70508200-AATA,0,0,7,12,15,12,14,3,8,8,6,0,14,0,10,0,0,0,0,0,0,0,18,0,4,0,1,1,6,0,16,5,NA19240,TRUE,4,28,48,pacbio,NA19240_chr1_70508168_70508200_AATA.svg,1,1,1,0.14,1,0.15
chr1-72567245-72567289-CA,0,0,25,26,10,13,20,13,10,20,14,3,20,1,23,1,0,1,12,2,15,1,13,13,0,0,13,3,16,1,15,13,NA19240,TRUE,2,50,52,pacbio,NA19240_chr1_72567245_72567289_CA.svg,1,1,0.09,0.09,0,0.01
chr10-100563333-100563383-TG,0,0,32,35,13,16,66,14,6,61,20,5,89,2,91,2,0,3,0,0,3,0,17,3,2,7,3,3,15,1,21,12,NA19240,TRUE,2,64,70,pacbio,NA19240_chr10_100563333_100563383_TG.svg,1,1,0.69,0.18,0.4,0.03
chr10-102518519-102518547-TCTA,0,0,9,11,15,17,0,0,0,7,6,0,0,0,7,0,0,0,0,0,0,0,17,0,0,3,1,0,4,0,23,4,NA19240,TRUE,4,36,44,pacbio,NA19240_chr10_102518519_102518547_TCTA.svg,1,1,1,0.23,1,0.38
chr10-117819143-117819173-AC,0,0,22,23,17,22,24,7,0,54,16,12,25,0,59,1,1,0,0,0,1,0,19,1,4,0,1,2,7,0,24,5,NA19240,TRUE,2,44,46,pacbio,NA19240_chr10_117819143_117819173_AC.svg,1,1,0.83,0.3,0.79,0.28
chr10-13389703-13389737-TG,0,0,17,23,18,23,60,12,14,45,24,1,73,1,45,1,1,6,4,0,11,0,22,8,21,5,1,0,27,1,25,23,NA19240,TRUE,2,34,46,pacbio,NA19240_chr10_13389703_13389737_TG.svg,1,1,0.08,0.01,0.09,0.01
chr11-106668985-106669005-AT,0,0,10,11,12,22,7,2,0,50,8,6,14,0,55,0,5,1,0,0,6,0,13,1,10,0,0,0,10,0,25,2,NA19240,TRUE,2,20,22,pacbio,NA19240_chr11_106668985_106669005_AT.svg,1,1,0.09,0.03,0.13,0.17
chr11-133486852-133486864-TC,0,0,6,7,15,12,44,6,7,21,3,0,56,0,26,0,0,0,6,0,6,0,17,2,0,0,2,1,3,0,13,2,NA19240,TRUE,2,12,14,pacbio,NA19240_chr11_133486852_133486864_TC.svg,1,1,0.02,0.18,0.21,0.37
chr11-16399346-16399376-TTTTA,0,0,6,9,21,21,25,3,9,1,1,0,36,0,1,0,1,0,0,0,1,0,24,1,0,0,0,0,0,0,23,0,NA19240,TRUE,5,30,45,pacbio,NA19240_chr11_16399346_16399376_TTTTA.svg,1,1,0.51,1,0.83,1
chr12-102821326-102821353-CAT,0,0,9,10,18,20,4,4,0,8,5,0,4,0,8,0,0,0,0,3,3,0,19,3,2,0,0,1,3,0,21,3,NA19240,TRUE,3,27,30,pacbio,NA19240_chr12_102821326_102821353_CAT.svg,1,1,0.26,0.3,0.52,0.55
chr12-111631542-111631572-TTA,0,0,11,15,11,13,6,5,0,12,6,0,8,0,13,0,0,7,0,0,7,0,13,5,0,6,3,2,11,0,15,5,NA19240,TRUE,3,33,45,pacbio,NA19240_chr12_111631542_111631572_TTA.svg,1,1,0.08,0.05,0.08,0.03
chr12-115629600-115629624-ATGG,0,0,6,7,23,12,2,2,0,3,1,0,2,0,3,0,0,0,0,0,0,0,24,0,0,1,0,0,1,0,13,1,NA19240,TRUE,4,24,28,pacbio,NA19240_chr12_115629600_115629624_ATGG.svg,1,1,1,0.56,1,0.71
chr12-124251905-124251925-AAAAT,0,0,4,5,20,21,9,6,0,6,6,0,16,0,17,0,6,0,0,0,6,0,23,3,14,0,0,0,14,0,24,5,NA19240,TRUE,5,20,25,pacbio,NA19240_chr12_124251905_124251925_AAAAT.svg,1,1,0,0,0.3,0.07
chr12-129535777-129535811-GT,0,0,14,20,11,14,27,9,0,10,3,0,27,3,11,0,0,0,0,0,0,0,13,0,0,0,0,1,1,0,15,1,NA19240,TRUE,2,28,40,pacbio,NA19240_chr12_129535777_129535811_GT.svg,1,1,1,0.82,1,0.75
chr12-41702326-41702356-TG,0,0,17,21,13,13,3,2,0,9,6,0,3,0,9,0,0,1,0,0,1,0,14,1,0,3,0,0,3,0,15,3,NA19240,TRUE,2,34,42,pacbio,NA19240_chr12_41702326_41702356_TG.svg,1,1,0.79,0.56,0.73,0.4
chr12-57733185-57733213-TG,0,0,14,15,17,13,4,4,0,9,6,0,4,0,10,0,0,3,0,0,3,0,19,3,0,2,1,0,3,0,15,3,NA19240,TRUE,2,28,30,pacbio,NA19240_chr12_57733185_57733213_TG.svg,1,1,0.42,0.45,0.49,0.4
chr12-600653-600699-GT,0,0,19,24,11,25,5,2,0,56,15,6,5,0,73,1,0,0,0,0,0,0,12,0,3,0,2,2,7,0,26,2,NA19240,TRUE,2,38,48,pacbio,NA19240_chr12_600653_600699_GT.svg,1,1,1,0.31,1,0.32
chr12-60841258-60841290-AT,0,0,9,20,19,10,22,19,0,38,12,0,33,1,43,2,2,0,0,18,20,1,21,19,7,0,1,1,9,1,14,8,NA19240,TRUE,2,18,40,pacbio,NA19240_chr12_60841258_60841290_AT.svg,1,1,0,0.17,0.01,0.02
chr12-63829115-63829137-TC,0,0,12,13,9,16,2,2,1,9,6,0,2,0,9,0,0,0,0,0,0,0,12,0,0,3,2,0,5,0,18,4,NA19240,TRUE,2,24,26,pacbio,NA19240_chr12_63829115_63829137_TC.svg,1,1,1,0.21,1,0.28
chr12-65083829-65083859-TCTTT,0,0,13,14,17,25,57,12,33,67,20,74,66,1,81,2,5,3,2,22,32,0,21,7,9,3,4,44,60,1,31,16,NA19240,TRUE,5,65,70,pacbio,NA19240_chr12_65083829_65083859_TCTTT.svg,1,1,0,0,0,0
chr12-86781012-86781036-TG,0,0,11,14,5,13,5,5,0,19,3,0,5,1,21,0,0,1,0,0,1,0,5,1,0,4,0,1,5,0,14,2,NA19240,TRUE,2,22,28,pacbio,NA19240_chr12_86781012_86781036_TG.svg,1,1,0.7,0.24,0.44,0.21
chr12-93095193-93095209-AC,0,0,8,9,18,27,26,18,1,22,7,0,34,1,23,0,1,1,0,0,2,0,19,2,3,0,0,7,10,0,30,4,NA19240,TRUE,2,16,18,pacbio,NA19240_chr12_93095193_93095209_AC.svg,1,1,0.37,0.01,0.65,0.23
chr12-93263851-93263867-TTTG,0,0,4,6,26,20,8,6,0,15,7,0,11,0,20,0,1,1,2,0,4,0,28,2,3,5,1,0,9,0,22,4,NA19240,TRUE,4,16,24,pacbio,NA19240_chr12_93263851_93263867_TTTG.svg,1,1,0.02,0,0.54,0.16
chr12-99424705-99424725-TCTG,0,0,5,6,16,32,1,1,0,48,31,0,1,0,50,1,0,0,0,0,0,0,17,0,1,1,1,2,5,0,37,4,NA19240,TRUE,4,20,24,pacbio,NA19240_chr12_99424705_99424725_TCTG.svg,1,1,1,0.04,1,0.54
chr13-101724597-101724631-AT,0,0,12,22,18,11,4,4,0,63,11,3,4,0,75,4,1,0,0,0,1,0,22,1,2,0,1,0,3,0,13,3,NA19240,TRUE,2,24,44,pacbio,NA19240_chr13_101724597_101724631_AT.svg,1,1,0.72,0.58,0.8,0.32
chr13-103120576-103120596-TAAA,0,0,5,6,19,11,2,2,0,0,0,0,2,0,0,0,0,1,0,0,1,0,20,1,0,0,0,0,0,0,14,0,NA19240,TRUE,4,20,24,pacbio,NA19240_chr13_103120576_103120596_TAAA.svg,1,1,0.45,1,0.81,1
chr13-111221643-111221657-TA,0,0,6,8,12,11,16,11,0,11,1,2,16,1,26,0,0,0,0,1,1,0,13,1,0,0,2,0,2,0,13,1,NA19240,TRUE,2,12,16,pacbio,NA19240_chr13_111221643_111221657_TA.svg,1,1,0.51,0.37,0.71,0.5
chr13-23771530-23771568-AC,0,0,17,22,20,14,25,8,0,46,8,6,75,0,54,0,0,0,0,1,1,0,21,1,3,0,10,1,14,0,17,3,NA19240,TRUE,2,34,44,pacbio,NA19240_chr13_23771530_23771568_AC.svg,1,1,0.79,0.08,0.82,0.02
chr13-35766923-35766947-TCCT,0,0,5,10,20,18,53,17,0,21,11,0,61,2,25,1,12,3,3,1,19,0,22,6,2,4,4,4,14,0,19,9,NA19240,TRUE,4,20,40,pacbio,NA19240_chr13_35766923_35766947_TCCT.svg,1,1,0,0,0.02,0.04
chr13-43941709-43941741-TCTA,0,0,8,9,11,9,16,12,0,1,1,0,16,1,1,0,0,0,1,12,13,1,12,12,0,0,0,1,1,0,10,1,NA19240,TRUE,4,32,36,pacbio,NA19240_chr13_43941709_43941741_TCTA.svg,1,1,0,0.64,0.01,0.64
chr13-44943351-44943377-AC,0,0,13,14,15,22,7,3,0,12,6,0,7,0,12,0,0,0,0,0,0,0,17,0,0,0,0,1,1,0,25,1,NA19240,TRUE,2,26,28,pacbio,NA19240_chr13_44943351_44943377_AC.svg,1,1,1,0.75,1,0.84
chr13-47286413-47286433-TG,0,0,10,12,20,21,20,16,0,25,5,3,20,1,60,0,0,1,0,0,1,0,22,1,7,1,0,0,8,0,23,2,NA19240,TRUE,2,20,24,pacbio,NA19240_chr13_47286413_47286433_TG.svg,1,1,0.67,0.07,0.82,0.21
chr13-59428493-59428509-AC,0,0,21,26,14,10,8,6,0,17,7,0,8,0,63,1,1,0,0,1,2,0,15,2,3,3,3,0,9,0,12,4,NA19240,TRUE,2,42,52,pacbio,NA19240_chr13_59428493_59428509_AC.svg,1,1,0.68,0.25,0.56,0.03
chr13-73510101-73510125-ATAA,0,0,6,10,18,16,1,1,0,12,4,0,1,0,12,0,0,0,0,0,0,0,19,0,1,0,4,3,8,0,19,4,NA19240,TRUE,4,24,40,pacbio,NA19240_chr13_73510101_73510125_ATAA.svg,1,1,1,0.04,1,0.14
chr13-84265217-84265239-GT,0,0,11,12,16,10,3,3,0,17,4,0,3,0,20,0,0,0,1,0,1,0,16,1,0,0,2,0,2,0,14,2,NA19240,TRUE,2,22,24,pacbio,NA19240_chr13_84265217_84265239_GT.svg,1,1,0.7,0.51,0.77,0.46
chr13-88224135-88224185-TTTTA,0,0,10,13,11,16,19,5,5,20,12,0,29,0,31,1,0,6,1,0,7,0,17,3,0,22,0,0,22,1,22,11,NA19240,TRUE,5,50,65,pacbio,NA19240_chr13_88224135_88224185_TTTTA.svg,1,1,0.06,0,0.08,0
chr16-10024220-10024240-TGTT,0,0,5,6,20,14,25,21,0,4,3,0,25,1,6,0,0,1,0,0,1,0,21,1,0,2,2,0,4,0,16,2,NA19240,TRUE,4,20,24,pacbio,NA19240_chr16_10024220_10024240_TGTT.svg,1,1,0.45,0.07,0.82,0.32
chr16-10631069-10631083-AT,0,0,7,10,17,12,33,9,10,12,3,8,38,0,15,0,1,0,2,2,5,0,19,2,0,0,0,1,1,0,14,1,NA19240,TRUE,2,14,20,pacbio,NA19240_chr16_10631069_10631083_AT.svg,1,1,0.06,0.67,0.31,0.71
chr16-14775317-14775357-AAAT,0,0,10,11,19,14,6,3,0,8,5,0,10,0,12,0,7,0,0,1,8,0,23,3,8,0,1,1,10,0,17,5,NA19240,TRUE,4,40,44,pacbio,NA19240_chr16_14775317_14775357_AAAT.svg,1,1,0.04,0.03,0.19,0.05
chr16-18949352-18949376-ATT,0,0,8,9,14,22,1,1,0,4,1,1,1,0,5,0,0,0,1,0,1,0,18,1,0,0,0,0,0,0,25,0,NA19240,TRUE,3,24,27,pacbio,NA19240_chr16_18949352_18949376_ATT.svg,1,1,0.61,1,0.75,1
chr16-24668392-24668402-AT,0,0,5,7,21,22,7,4,0,5,3,0,7,0,5,0,0,0,0,0,0,0,21,0,0,0,0,0,0,0,23,0,NA19240,TRUE,2,10,14,pacbio,NA19240_chr16_24668392_24668402_AT.svg,1,1,1,1,1,1
chr16-26041356-26041371-ATA,0,0,5,6,16,22,0,0,0,0,0,0,0,0,0,0,0,0,0,0,0,0,18,0,0,0,0,0,0,0,24,0,NA19240,TRUE,3,15,18,pacbio,NA19240_chr16_26041356_26041371_ATA.svg,1,1,1,1,1,1
chr17-12190757-12190785-TCAT,0,0,5,8,19,19,1,1,0,5,5,0,1,0,5,0,0,1,0,0,1,0,20,1,1,0,0,0,1,0,22,1,NA19240,TRUE,4,20,32,pacbio,NA19240_chr17_12190757_12190785_TCAT.svg,1,1,0.45,0.61,0.81,0.81
chr17-17821143-17821181-CA,0,0,19,23,13,22,32,15,0,78,26,10,32,2,86,2,0,29,0,2,31,2,17,15,2,42,1,8,53,2,26,26,NA19240,TRUE,2,38,46,pacbio,NA19240_chr17_17821143_17821181_CA.svg,1,1,0,0,0,0
chr19-11815284-11815326-CA,0,0,20,29,19,14,40,8,17,20,7,0,43,0,22,0,7,5,2,0,14,0,24,3,0,0,0,0,0,0,17,0,NA19240,TRUE,2,40,58,pacbio,NA19240_chr19_11815284_11815326_CA.svg,1,1,0.06,1,0.05,1
chr19-13700447-13700463-ATTC,0,0,4,6,22,22,0,0,0,2,2,0,0,0,22,0,0,0,0,0,0,0,24,0,3,1,0,1,5,0,23,2,NA19240,TRUE,4,16,24,pacbio,NA19240_chr19_13700447_13700463_ATTC.svg,1,1,1,0.04,1,0.41
chr19-17094015-17094051-TTG,0,0,7,13,22,21,37,9,38,41,10,8,51,0,52,0,6,11,3,0,20,0,26,8,2,12,2,0,16,0,24,8,NA19240,TRUE,3,21,39,pacbio,NA19240_chr19_17094015_17094051_TTG.svg,1,1,0,0.01,0.03,0.05
chr19-20330072-20330114-TG,0,0,23,24,11,14,11,5,0,68,14,1,12,0,80,2,0,0,0,0,0,0,14,0,0,6,0,0,6,0,16,4,NA19240,TRUE,2,46,48,pacbio,NA19240_chr19_20330072_20330114_TG.svg,1,1,1,0.37,1,0.18
chr19-20447359-20447399-AAAT,0,0,9,11,19,26,19,19,0,11,5,0,37,2,16,0,0,36,0,0,36,2,21,18,2,7,0,0,9,0,30,4,NA19240,TRUE,4,36,44,pacbio,NA19240_chr19_20447359_20447399_AAAT.svg,1,1,0,0.04,0,0.26
chr19-2070875-2070903-AAAG,0,0,7,8,29,19,67,24,2,53,15,1,72,1,70,2,3,11,2,4,20,0,32,11,14,8,0,11,33,1,22,11,NA19240,TRUE,4,28,32,pacbio,NA19240_chr19_2070875_2070903_AAAG.svg,1,1,0,0,0.06,0
chr19-2364192-2364220-TGAA,0,0,7,8,24,11,13,3,6,2,1,0,24,0,2,0,0,1,1,1,3,0,29,2,0,0,0,0,0,0,13,0,NA19240,TRUE,4,28,32,pacbio,NA19240_chr19_2364192_2364220_TGAA.svg,1,1,0.18,1,0.61,1
chr19-28113884-28113928-AAGG,0,0,12,16,4,10,100,7,42,72,7,2,158,26,100,2,0,18,1,15,34,1,10,5,1,21,3,17,42,0,12,5,NA19240,TRUE,4,48,64,pacbio,NA19240_chr19_28113884_28113928_AAGG.svg,1,1,0,0,0,0
chr19-29775092-29775136-GT,0,0,19,26,25,20,69,21,0,42,11,2,78,1,53,0,0,0,1,0,1,0,28,1,0,1,0,0,1,0,25,1,NA19240,TRUE,2,38,52,pacbio,NA19240_chr19_29775092_29775136_GT.svg,1,1,0.81,0.86,0.85,0.82
chr19-41338969-41338985-GT,0,0,9,10,18,30,5,4,0,3,2,0,6,0,3,0,0,0,2,0,2,0,20,2,0,0,1,0,1,0,31,1,NA19240,TRUE,2,18,20,pacbio,NA19240_chr19_41338969_41338985_GT.svg,1,1,0.41,0.67,0.65,0.87
chr2-138899047-138899075-TTTA,0,0,7,11,13,16,4,4,0,10,5,0,7,0,13,0,0,5,0,0,5,0,15,2,0,7,0,0,7,0,18,4,NA19240,TRUE,4,28,44,pacbio,NA19240_chr2_138899047_138899075_TTTA.svg,1,1,0.06,0.08,0.22,0.17
chr2-229113396-229113408-TA,0,0,6,13,23,15,9,4,0,28,16,2,9,0,30,1,0,1,0,0,1,0,24,1,0,16,0,1,17,1,19,16,NA19240,TRUE,2,12,26,pacbio,NA19240_chr2_229113396_229113408_TA.svg,1,1,0.51,0.01,0.84,0.01
chr20-11343012-11343038-TG,0,0,13,18,17,18,15,3,2,11,6,0,16,0,11,0,0,1,0,2,3,0,18,2,0,0,0,0,0,0,18,0,NA19240,TRUE,2,26,36,pacbio,NA19240_chr20_11343012_11343038_TG.svg,1,1,0.4,1,0.5,1
chr20-14358357-14358367-AT,0,0,5,6,17,17,2,2,0,0,0,0,2,0,0,0,0,0,0,0,0,0,19,0,0,0,0,0,0,0,17,0,NA19240,TRUE,2,10,12,pacbio,NA19240_chr20_14358357_14358367_AT.svg,1,1,1,1,1,1
chr20-16232101-16232131-AAAAC,0,0,6,8,19,18,3,2,0,1,1,0,3,0,1,0,0,0,0,1,1,0,22,1,0,0,0,1,1,0,20,1,NA19240,TRUE,5,30,40,pacbio,NA19240_chr20_16232101_16232131_AAAAC.svg,1,1,0.51,0.61,0.81,0.8
chr20-35864407-35864451-AC,0,0,25,26,21,14,48,13,0,50,12,8,109,1,85,1,7,5,2,3,17,0,23,7,8,3,1,6,18,0,16,7,NA19240,TRUE,2,50,52,pacbio,NA19240_chr20_35864407_35864451_AC.svg,1,1,0.07,0.06,0.04,0.01
chr20-36499986-36499996-GT,0,0,5,6,30,26,12,5,0,12,6,0,13,0,12,0,0,0,0,1,1,0,31,1,0,0,2,0,2,0,27,2,NA19240,TRUE,2,10,12,pacbio,NA19240_chr20_36499986_36499996_GT.svg,1,1,0.45,0.26,0.88,0.74
chr20-4064585-4064593-AGAT,0,0,2,3,19,21,6,4,0,19,18,0,6,0,19,1,0,0,0,0,0,0,19,0,0,0,0,0,0,0,22,0,NA19240,TRUE,4,8,12,pacbio,NA19240_chr20_4064585_4064593_AGAT.svg,1,1,1,1,1,1
chr20-46004529-46004549-TG,0,0,9,13,20,15,8,4,1,3,3,0,8,0,3,0,0,0,1,0,1,0,21,1,0,1,0,0,1,0,16,1,NA19240,TRUE,2,18,26,pacbio,NA19240_chr20_46004529_46004549_TG.svg,1,1,0.64,0.74,0.82,0.76
chr20-46171583-46171599-GAAA,0,0,4,5,31,16,67,12,17,52,9,4,83,0,54,0,2,8,2,0,12,0,35,6,0,7,0,1,8,0,19,5,NA19240,TRUE,4,16,20,pacbio,NA19240_chr20_46171583_46171599_GAAA.svg,1,1,0,0,0.22,0.14
chr21-22050171-22050191-AT,0,0,11,18,18,13,27,16,4,22,13,0,29,1,23,1,15,0,1,0,16,1,20,15,2,0,0,12,14,1,15,13,NA19240,TRUE,2,22,36,pacbio,NA19240_chr21_22050171_22050191_AT.svg,1,1,0,0.04,0.03,0.01
chr21-26583558-26583578-AC,0,0,8,15,21,16,14,6,1,20,15,0,14,0,21,1,0,1,0,2,3,0,23,3,0,14,0,0,14,1,19,14,NA19240,TRUE,2,16,30,pacbio,NA19240_chr21_26583558_26583578_AC.svg,1,1,0.22,0.02,0.57,0.03
chr3-101556389-101556413-TTG,0,0,8,9,21,18,2,2,0,3,3,0,3,0,5,0,0,2,0,0,2,0,22,1,0,2,0,0,2,0,20,1,NA19240,TRUE,3,24,27,pacbio,NA19240_chr3_101556389_101556413_TTG.svg,1,1,0.37,0.41,0.68,0.63
chr3-11177253-11177285-TAAA,0,0,9,13,16,11,3,3,0,18,14,0,3,0,18,1,0,0,0,0,0,0,18,0,0,0,1,0,1,0,15,1,NA19240,TRUE,4,36,52,pacbio,NA19240_chr3_11177253_11177285_TAAA.svg,1,1,1,0.74,1,0.69
chr5-131350607-131350637-TG,0,0,16,18,23,17,13,8,0,19,7,1,13,0,26,0,0,3,0,0,3,0,25,3,1,3,0,0,4,0,19,3,NA19240,TRUE,2,32,36,pacbio,NA19240_chr5_131350607_131350637_TG.svg,1,1,0.47,0.41,0.6,0.39
chr5-152290147-152290177-GT,0,0,15,21,23,9,4,4,0,13,9,0,4,0,16,1,0,0,3,0,3,0,24,3,0,0,10,0,10,1,10,9,NA19240,TRUE,2,30,42,pacbio,NA19240_chr5_152290147_152290177_GT.svg,1,1,0.45,0.15,0.59,0.01
chr7-105168745-105168781-TG,0,0,20,28,10,13,32,5,4,39,11,2,43,0,42,1,0,2,0,0,2,0,12,2,0,5,5,0,10,0,15,7,NA19240,TRUE,2,40,56,pacbio,NA19240_chr7_105168745_105168781_TG.svg,1,1,0.67,0.24,0.43,0.05
chr7-125373407-125373423-AT,0,0,8,9,8,14,3,2,0,26,4,9,3,0,34,0,0,0,1,0,1,0,8,1,0,4,1,0,5,0,16,2,NA19240,TRUE,2,16,18,pacbio,NA19240_chr7_125373407_125373423_AT.svg,1,1,0.61,0.11,0.6,0.24
chr8-100360202-100360222-TTTGT,0,0,5,6,16,21,13,3,0,15,5,0,15,0,33,0,6,0,1,0,7,0,17,2,3,1,1,4,9,0,23,2,NA19240,TRUE,5,25,30,pacbio,NA19240_chr8_100360202_100360222_TTTGT.svg,1,1,0,0,0.18,0.18
chr8-111926622-111926644-AT,0,0,11,14,15,8,4,3,0,3,2,0,4,0,3,0,1,0,0,0,1,0,16,1,0,0,0,0,0,0,8,0,NA19240,TRUE,2,22,28,pacbio,NA19240_chr8_111926622_111926644_AT.svg,1,1,0.7,1,0.76,1
chr8-118981027-118981043-TA,0,0,8,9,13,13,7,4,0,1,1,0,7,0,1,0,0,0,0,0,0,0,14,0,0,0,1,0,1,0,14,1,NA19240,TRUE,2,16,18,pacbio,NA19240_chr8_118981027_118981043_TA.svg,1,1,1,0.64,1,0.74
chr8-122697352-122697402-ATAGC,0,0,11,13,21,25,10,5,0,17,13,0,13,0,26,0,3,2,0,1,6,0,23,3,11,6,0,1,18,0,28,8,NA19240,TRUE,5,55,65,pacbio,NA19240_chr8_122697352_122697402_ATAGC.svg,1,1,0.11,0,0.31,0.06
chr8-42122279-42122317-AC,0,0,10,25,13,20,0,0,0,44,14,0,0,0,50,1,0,0,0,0,0,0,16,0,4,1,0,0,5,0,25,5,NA19240,TRUE,2,20,50,pacbio,NA19240_chr8_42122279_42122317_AC.svg,1,1,1,0.45,1,0.36
chr9-115414007-115414103-AGGA,0,0,22,27,14,19,80,16,2,115,23,0,81,4,116,5,45,16,0,8,69,4,17,16,72,22,0,12,106,4,23,23,NA19240,TRUE,4,88,108,pacbio,NA19240_chr9_115414007_115414103_AGGA.svg,1,1,0,0,0,0
chr9-39560331-39560345-TG,0,0,7,8,12,12,3,1,0,0,0,0,3,0,0,0,0,0,0,0,0,0,14,0,0,0,0,0,0,0,13,0,NA19240,TRUE,2,14,16,pacbio,NA19240_chr9_39560331_39560345_TG.svg,1,1,1,1,1,1
chr9-61663979-61664005-TG,0,0,12,15,7,10,6,3,0,22,12,0,6,0,24,1,0,2,0,0,2,0,8,2,1,5,4,0,10,1,14,7,NA19240,TRUE,2,24,30,pacbio,NA19240_chr9_61663979_61664005_TG.svg,1,1,0.51,0.07,0.31,0.02
chr9-8435700-8435730-AC,0,0,17,18,13,19,2,2,0,40,5,4,2,0,88,0,0,0,0,0,0,0,14,0,1,1,0,1,3,0,21,2,NA19240,TRUE,2,34,36,pacbio,NA19240_chr9_8435700_8435730_AC.svg,1,1,1,0.51,1,0.54
chr1-1030647-1030659-TG,0,0,4,9,10,8,121,14,44,105,10,31,225,13,133,14,3,1,1,3,8,0,14,4,3,1,11,5,20,1,10,7,NA19240,FALSE,2,8,18,pacbio,NA19240_chr1_1030647_1030659_TG.svg,1,1,0,0,0.04,0
chr1-12645173-12645221-TCCT,0,0,12,13,18,4,339,25,16,96,7,11,383,13,172,14,49,53,18,61,181,6,25,23,11,22,14,20,67,10,8,7,NA19240,FALSE,4,48,52,pacbio,NA19240_chr1_12645173_12645221_TCCT.svg,1,1,0,0,0,0
chr1-190694864-190694884-AT,0,29,10,44,19,5,66,21,36,91,8,15,77,2,117,18,16,19,1,1,37,2,23,21,19,15,31,9,74,12,8,8,NA19240,FALSE,2,20,88,pacbio,NA19240_chr1_190694864_190694884_AT.svg,1,0.07,0,0,0,0
chr1-27371576-27371592-AAAC,0,0,4,7,19,3,25,6,2,61,5,10,30,0,88,21,6,0,0,3,9,0,20,5,14,0,2,0,16,2,5,5,NA19240,FALSE,4,16,28,pacbio,NA19240_chr1_27371576_27371592_AAAC.svg,1,1,0,0,0.15,0
chr1-40201032-40201042-AC,0,220,5,75,5,1,56,6,18,101,4,0,102,14,298,80,1,0,0,1,2,0,7,1,1,2,176,77,256,66,4,4,NA19240,FALSE,2,10,150,pacbio,NA19240_chr1_40201032_40201042_AC.svg,1,0,0.2,0,0.19,0
chr1-43817834-43817843-CTT,0,0,3,42,22,2,131,23,33,60,3,17,170,2,63,22,5,2,6,5,18,0,27,7,17,3,6,25,51,17,3,3,NA19240,FALSE,3,9,126,pacbio,NA19240_chr1_43817834_43817843_CTT.svg,1,1,0,0.01,0.04,0
chr1-43857522-43857531-CCT,0,0,3,6,20,5,80,14,2,40,6,9,128,1,45,4,3,2,13,1,19,0,23,9,3,5,5,2,15,2,7,6,NA19240,FALSE,3,9,18,pacbio,NA19240_chr1_43857522_43857531_CCT.svg,1,1,0,0,0.02,0
chr1-43968371-43968383-GGGT,0,0,3,9,20,4,106,10,8,39,5,14,132,0,47,8,0,1,13,0,14,0,23,8,0,14,14,2,30,6,8,5,NA19240,FALSE,4,12,36,pacbio,NA19240_chr1_43968371_43968383_GGGT.svg,1,1,0,0,0.06,0
chr1-45225694-45225782-AAGGAAAG,0,1,11,12,21,11,375,29,25,172,16,28,449,13,219,13,134,72,126,42,374,13,29,28,78,29,65,16,188,13,16,16,NA19240,FALSE,8,88,96,pacbio,NA19240_chr1_45225694_45225782_AAGGAAAG.svg,1,0.72,0,0,0,0
chr1-49573113-49573125-AT,0,31,6,61,40,1,139,19,22,94,4,0,366,0,174,32,1,3,16,10,30,0,44,11,5,43,92,19,159,28,4,4,NA19240,FALSE,2,12,122,pacbio,NA19240_chr1_49573113_49573125_AT.svg,1,0.13,0,0,0.05,0
chr1-75444336-75444400-GAAG,0,0,16,17,10,3,233,16,12,101,6,11,317,9,146,32,26,98,71,9,204,8,18,16,10,52,19,14,95,22,6,5,NA19240,FALSE,4,64,68,pacbio,NA19240_chr1_75444336_75444400_GAAG.svg,1,1,0,0,0,0
chr10-108729710-108729722-GAGG,0,0,3,34,11,3,120,7,10,162,6,48,164,10,185,35,0,15,3,4,22,1,14,7,15,42,22,39,118,22,6,6,NA19240,FALSE,4,12,136,pacbio,NA19240_chr10_108729710_108729722_GAGG.svg,1,1,0,0,0,0
chr10-116983731-116983755-AC,0,0,12,16,21,6,60,24,1,60,8,0,60,2,63,8,0,47,1,2,50,2,27,22,3,36,7,1,47,6,9,8,NA19240,FALSE,2,24,32,pacbio,NA19240_chr10_116983731_116983755_AC.svg,1,1,0,0,0,0
chr10-118987800-118987812-GGAA,0,0,3,6,21,5,168,19,39,45,7,0,263,1,52,7,4,4,1,6,15,0,30,4,5,5,0,1,11,2,7,6,NA19240,FALSE,4,12,24,pacbio,NA19240_chr10_118987800_118987812_GGAA.svg,1,1,0,0,0.06,0
chr10-21717909-21717939-CTT,0,12,10,45,28,7,473,48,96,465,32,32,788,10,994,21,50,28,52,116,246,3,49,40,158,205,120,329,812,16,32,31,NA19240,FALSE,3,30,135,pacbio,NA19240_chr10_21717909_21717939_CTT.svg,1,0.34,0,0,0,0
chr10-68923139-68923149-TG,0,0,5,6,23,5,68,15,8,47,6,6,73,1,64,10,0,3,4,2,9,0,25,6,0,11,7,0,18,2,8,6,NA19240,FALSE,2,10,12,pacbio,NA19240_chr10_68923139_68923149_TG.svg,1,1,0,0,0.21,0
chr10-89998571-89998581-TA,0,0,5,7,20,4,28,19,6,54,6,21,34,1,60,10,0,0,2,1,3,0,21,2,0,0,9,4,13,3,6,5,NA19240,FALSE,2,10,14,pacbio,NA19240_chr10_89998571_89998581_TA.svg,1,1,0.09,0,0.55,0
chr11-17363576-17363596-TCTTT,0,0,4,6,9,3,50,9,25,6,3,6,75,3,6,2,1,0,0,1,2,0,14,2,0,0,0,2,2,1,4,2,NA19240,FALSE,5,20,30,pacbio,NA19240_chr11_17363576_17363596_TCTTT.svg,1,1,0.14,0.26,0.42,0.06
chr11-27852085-27852141-TTCC,0,15,14,35,20,5,147,15,32,106,7,25,201,2,212,8,18,10,12,8,48,0,26,10,67,51,50,25,193,8,9,7,NA19240,FALSE,4,56,140,pacbio,NA19240_chr11_27852085_27852141_TTCC.svg,1,0.18,0,0,0,0
chr11-2814264-2814276-GGAT,0,16,3,7,17,4,98,19,22,35,7,2,115,1,46,1,0,3,3,3,9,0,28,4,2,8,6,3,19,1,8,7,NA19240,FALSE,4,12,28,pacbio,NA19240_chr11_2814264_2814276_GGAT.svg,1,0,0,0,0.13,0
chr11-31057303-31057327-AGAAAG,0,0,4,5,26,6,153,30,5,52,8,10,200,3,77,6,31,1,30,13,75,2,30,30,10,0,8,0,18,2,8,8,NA19240,FALSE,6,24,30,pacbio,NA19240_chr11_31057303_31057327_AGAAAG.svg,1,1,0,0,0,0
chr11-70025653-70025662-TGA,0,16,3,30,37,4,125,21,35,148,10,19,148,1,164,16,4,7,2,2,15,0,40,7,20,18,46,9,93,8,10,10,NA19240,FALSE,3,9,90,pacbio,NA19240_chr11_70025653_70025662_TGA.svg,1,0.12,0,0,0.2,0
chr11-76704852-76704864-GATG,0,30,3,39,32,3,18,2,6,98,4,11,73,0,116,20,2,1,2,0,5,0,33,2,24,15,41,12,92,8,7,4,NA19240,FALSE,4,12,156,pacbio,NA19240_chr11_76704852_76704864_GATG.svg,1,0.05,0,0,0.53,0
chr12-120152623-120152633-CA,0,0,5,6,9,7,7,2,0,22,8,0,7,0,22,2,0,0,1,1,2,0,10,2,0,1,7,1,9,1,9,8,NA19240,FALSE,2,10,12,pacbio,NA19240_chr12_120152623_120152633_CA.svg,1,1,0.2,0,0.42,0.01
chr12-132518554-132518566-CATC,0,0,3,4,32,4,87,17,6,46,4,13,102,1,50,9,6,1,1,2,10,0,33,6,4,0,3,2,9,2,5,4,NA19240,FALSE,4,12,16,pacbio,NA19240_chr12_132518554_132518566_CATC.svg,1,1,0,0,0.29,0
chr12-49878008-49878028-TG,0,0,10,24,24,4,100,32,67,43,7,27,165,2,111,9,54,10,1,0,65,2,32,29,30,9,2,10,51,9,8,6,NA19240,FALSE,2,20,48,pacbio,NA19240_chr12_49878008_49878028_TG.svg,1,1,0,0,0,0
chr13-19138651-19138660-CCA,0,0,3,5,27,2,21,4,0,24,3,6,28,0,42,14,0,0,2,1,3,0,28,3,0,6,9,0,15,5,5,3,NA19240,FALSE,3,9,15,pacbio,NA19240_chr13_19138651_19138660_CCA.svg,1,1,0.02,0,0.64,0
chr13-60978188-60978200-TATG,0,0,3,5,36,9,68,27,51,62,11,62,76,1,70,6,2,0,0,0,2,0,45,1,13,1,5,9,28,3,13,10,NA19240,FALSE,4,12,20,pacbio,NA19240_chr13_60978188_60978200_TATG.svg,1,1,0.07,0,0.8,0
chr13-69956096-69956106-AT,0,0,5,6,18,9,8,4,36,23,10,38,8,0,23,2,0,0,0,0,0,0,20,0,0,8,0,0,8,1,10,8,NA19240,FALSE,2,10,12,pacbio,NA19240_chr13_69956096_69956106_AT.svg,1,1,1,0,1,0.03
chr14-101721012-101721022-AC,0,0,5,9,19,9,12,4,0,74,13,5,42,0,74,6,0,0,3,0,3,0,19,2,1,0,34,0,35,3,13,13,NA19240,FALSE,2,10,18,pacbio,NA19240_chr14_101721012_101721022_AC.svg,1,1,0.09,0,0.53,0
chr14-40652456-40652496-TTCC,0,0,10,14,20,4,123,28,38,29,5,17,174,5,45,8,12,107,2,2,123,5,31,24,3,35,0,0,38,7,5,5,NA19240,FALSE,4,40,56,pacbio,NA19240_chr14_40652456_40652496_TTCC.svg,1,1,0,0,0,0
chr14-52530097-52530111-TA,0,240,7,92,6,1,28,7,17,40,3,11,31,1,43,16,2,5,2,1,10,1,7,7,7,8,8,12,35,10,3,3,NA19240,FALSE,2,14,184,pacbio,NA19240_chr14_52530097_52530111_TA.svg,1,0,0,0.22,0,0
chr14-67677342-67677354-TTTG,0,0,3,5,22,8,89,20,1,75,11,22,157,4,81,6,0,18,0,0,18,0,24,8,1,28,1,1,31,3,11,10,NA19240,FALSE,4,12,20,pacbio,NA19240_chr14_67677342_67677354_TTTG.svg,1,1,0,0,0.04,0
chr15-22465575-22465587-AGG,0,0,4,5,46,8,287,58,44,86,11,23,393,4,126,8,5,6,8,57,76,1,58,52,17,6,2,12,37,4,11,11,NA19240,FALSE,3,12,15,pacbio,NA19240_chr15_22465575_22465587_AGG.svg,1,1,0,0,0,0
chr16-18586281-18586293-AAAC,0,0,3,4,35,6,17,8,0,92,6,18,22,0,106,20,2,0,0,3,5,0,36,4,3,2,4,1,10,1,8,5,NA19240,FALSE,4,12,16,pacbio,NA19240_chr16_18586281_18586293_AAAC.svg,1,1,0,0,0.56,0
chr16-32822062-32822082-TCCT,0,0,5,6,17,5,99,21,9,25,8,27,112,5,28,4,10,23,9,0,42,2,21,20,1,11,2,0,14,2,8,7,NA19240,FALSE,4,20,24,pacbio,NA19240_chr16_32822062_32822082_TCCT.svg,1,1,0,0,0,0
chr16-48931618-48931628-CA,0,15,5,70,38,3,161,16,41,101,6,16,192,0,135,29,3,1,1,12,17,0,41,8,32,49,13,14,108,23,6,6,NA19240,FALSE,2,10,140,pacbio,NA19240_chr16_48931618_48931628_CA.svg,1,0.42,0,0,0.17,0
chr16-5454807-5454822-CCTTT,0,0,3,7,30,4,65,22,71,13,5,20,72,1,14,3,5,2,1,0,8,0,36,6,0,8,0,4,12,3,5,4,NA19240,FALSE,5,15,35,pacbio,NA19240_chr16_5454807_5454822_CCTTT.svg,1,1,0,0,0.35,0
chr16-70834950-70834960-TA,0,0,5,9,30,10,23,12,2,67,12,36,23,0,74,3,0,0,0,0,0,0,30,0,1,6,14,9,30,2,12,11,NA19240,FALSE,2,10,18,pacbio,NA19240_chr16_70834950_70834960_TA.svg,1,1,1,0,1,0
chr16-8564081-8564093-TGAG,0,33,3,34,12,1,20,3,10,22,1,0,30,0,23,23,0,7,1,0,8,0,14,1,4,7,3,6,20,20,2,1,NA19240,FALSE,4,12,136,pacbio,NA19240_chr16_8564081_8564093_TGAG.svg,1,0.02,0,0.1,0.07,0
chr17-21119073-21119085-AAAT,0,0,3,5,23,4,27,8,0,50,5,19,29,0,55,14,2,0,0,0,2,0,24,1,4,0,6,1,11,1,5,5,NA19240,FALSE,4,12,20,pacbio,NA19240_chr17_21119073_21119085_AAAT.svg,1,1,0.07,0,0.71,0
chr17-31505599-31505608-ATA,0,0,3,8,22,11,29,21,14,40,13,15,30,1,45,1,0,1,0,0,1,0,25,1,1,12,1,2,16,1,13,13,NA19240,FALSE,3,9,24,pacbio,NA19240_chr17_31505599_31505608_ATA.svg,1,1,0.26,0,0.84,0
chr17-46125035-46125079-GGAGGGAGGGA,0,12,4,7,8,3,90,6,3,32,4,2,145,13,35,10,4,6,2,41,53,3,10,5,0,3,9,6,18,7,4,3,NA19240,FALSE,11,44,77,pacbio,NA19240_chr17_46125035_46125079_GGAGGGAGGGA.svg,1,0,0,0,0,0
chr17-65327822-65327874-GAAA,0,0,13,15,20,16,147,26,5,157,21,0,175,7,221,12,0,1,92,48,141,6,26,26,16,0,82,62,160,8,21,20,NA19240,FALSE,4,52,60,pacbio,NA19240_chr17_65327822_65327874_GAAA.svg,1,1,0,0,0,0
chr17-7176128-7176138-CA,0,21,5,58,24,2,33,18,3,64,4,11,37,1,72,29,2,10,1,3,16,0,27,13,6,26,7,6,45,11,4,4,NA19240,FALSE,2,10,116,pacbio,NA19240_chr17_7176128_7176138_CA.svg,1,0.23,0,0.04,0.07,0
chr17-7587002-7587011-GTG,0,1,3,7,24,7,76,7,14,159,10,46,96,0,216,23,0,0,2,1,3,0,26,2,0,9,30,3,42,4,12,10,NA19240,FALSE,3,9,21,pacbio,NA19240_chr17_7587002_7587011_GTG.svg,1,0.56,0.02,0,0.61,0
chr17-80313714-80313726-GGT,0,14,4,52,67,11,557,80,334,449,22,82,734,7,978,31,57,15,1,16,89,0,92,41,269,203,262,79,813,29,22,22,NA19240,FALSE,3,12,156,pacbio,NA19240_chr17_80313714_80313726_GGT.svg,1,0.34,0,0,0,0
chr18-45063482-45063491-CCG,0,0,3,8,20,7,68,11,6,125,10,38,77,0,133,14,0,0,0,10,10,0,24,6,2,0,2,49,53,6,10,10,NA19240,FALSE,3,9,24,pacbio,NA19240_chr18_45063482_45063491_CCG.svg,1,1,0,0,0.14,0
chr18-79829128-79829164-TG,0,72,18,53,10,1,123,15,16,42,2,11,144,5,50,25,14,9,12,38,73,5,15,14,9,13,1,15,38,19,2,2,NA19240,FALSE,2,36,106,pacbio,NA19240_chr18_79829128_79829164_TG.svg,1,0,0,0.06,0,0
chr19-11465040-11465064-ACACACAT,0,0,3,6,48,10,353,52,176,151,18,85,397,5,198,11,25,12,16,15,68,0,69,30,8,17,11,15,51,3,18,15,NA19240,FALSE,8,24,48,pacbio,NA19240_chr19_11465040_11465064_ACACACAT.svg,1,1,0,0,0,0
chr19-20358572-20358594-AT,0,0,11,32,17,5,83,22,41,83,9,29,94,2,107,10,0,0,9,34,43,2,24,19,1,0,24,25,50,5,10,9,NA19240,FALSE,2,22,64,pacbio,NA19240_chr19_20358572_20358594_AT.svg,1,1,0,0,0,0
chr19-35511534-35511543-TTG,0,0,3,7,31,4,51,28,22,30,5,0,63,1,50,10,0,0,0,0,0,0,40,0,5,0,0,25,30,6,5,5,NA19240,FALSE,3,9,21,pacbio,NA19240_chr19_35511534_35511543_TTG.svg,1,1,1,0,1,0
chr19-39320962-39320971-CCG,0,0,3,9,33,3,63,10,26,106,6,33,67,0,110,18,0,0,0,7,7,0,35,3,1,0,0,32,33,5,7,6,NA19240,FALSE,3,9,27,pacbio,NA19240_chr19_39320962_39320971_CCG.svg,1,1,0,0,0.43,0
chr19-466812-466888-TGGA,0,78,1,44,6,1,152,13,46,61,3,6,199,15,85,26,0,5,1,1,7,0,13,5,20,15,35,5,75,26,3,3,NA19240,FALSE,4,4,176,pacbio,NA19240_chr19_466812_466888_TGGA.svg,1,0,0,0,0.01,0
chr19-48402093-48402109-GAAA,0,0,4,5,29,14,50,32,4,93,16,23,129,1,122,6,0,0,33,1,34,1,32,31,1,17,14,2,34,1,16,16,NA19240,FALSE,4,16,20,pacbio,NA19240_chr19_48402093_48402109_GAAA.svg,1,1,0,0,0.01,0
chr20-16258317-16258327-AC,0,34,5,54,35,2,421,46,136,118,5,32,546,12,136,25,7,8,5,18,38,0,46,16,33,14,10,23,80,14,5,5,NA19240,FALSE,2,10,108,pacbio,NA19240_chr20_16258317_16258327_AC.svg,1,0.08,0,0,0.01,0
chr20-17710934-17710952-GGGGCG,0,0,3,4,32,9,166,23,11,56,10,27,239,5,86,9,0,1,19,0,20,0,34,15,1,7,3,6,17,1,12,7,NA19240,FALSE,6,18,24,pacbio,NA19240_chr20_17710934_17710952_GGGGCG.svg,1,1,0,0,0.09,0
chr20-20296403-20296415-TTCT,0,0,3,6,30,6,420,36,71,168,10,25,566,12,211,19,31,0,6,11,48,0,41,17,33,2,3,28,66,6,11,10,NA19240,FALSE,4,12,24,pacbio,NA19240_chr20_20296403_20296415_TTCT.svg,1,1,0,0,0,0
chr20-56710652-56710661-CCT,0,17,3,49,28,1,296,27,29,48,3,5,549,10,57,25,13,3,27,4,47,0,36,17,2,4,5,23,34,10,4,2,NA19240,FALSE,3,9,147,pacbio,NA19240_chr20_56710652_56710661_CCT.svg,1,0.25,0,0.06,0,0
chr20-62360315-62360327-GGGT,0,11,3,38,21,7,197,23,97,269,13,85,318,9,344,27,4,9,6,12,31,0,27,12,104,86,58,29,277,23,13,13,NA19240,FALSE,4,12,152,pacbio,NA19240_chr20_62360315_62360327_GGGT.svg,1,0.31,0,0,0,0
chr20-64150053-64150067-CA,0,0,7,8,36,10,126,40,10,94,13,16,145,1,198,5,0,8,37,1,46,1,41,39,4,10,12,2,28,2,13,11,NA19240,FALSE,2,14,16,pacbio,NA19240_chr20_64150053_64150067_CA.svg,1,1,0,0,0.01,0
chr21-29405802-29405814-TTCT,0,0,3,4,26,8,22,7,2,34,10,25,24,0,36,3,2,0,0,0,2,0,28,1,1,0,0,3,4,0,11,4,NA19240,FALSE,4,12,16,pacbio,NA19240_chr21_29405802_29405814_TTCT.svg,1,1,0.07,0.02,0.74,0.15
chr21-42848638-42848648-CA,0,0,5,8,28,6,274,30,56,51,6,7,365,9,60,8,0,3,0,3,6,0,34,6,0,0,5,0,5,0,7,2,NA19240,FALSE,2,10,16,pacbio,NA19240_chr21_42848638_42848648_CA.svg,1,1,0.01,0.08,0.42,0.03
chr3-177664514-177664523-TGC,0,0,3,7,16,3,37,4,7,152,6,34,45,0,201,35,1,0,2,0,3,0,18,2,4,22,18,0,44,8,6,6,NA19240,FALSE,3,9,21,pacbio,NA19240_chr3_177664514_177664523_TGC.svg,1,1,0.02,0,0.47,0
chr3-17984954-17984964-TC,0,2,5,8,30,8,62,9,4,72,10,24,87,0,92,8,6,0,0,0,6,0,32,3,11,3,2,1,17,2,10,7,NA19240,FALSE,2,10,16,pacbio,NA19240_chr3_17984954_17984964_TC.svg,1,0.37,0.01,0,0.44,0
chr3-40492732-40492744-AT,0,27,6,9,29,3,72,25,25,31,4,12,81,2,32,8,0,1,3,1,5,0,30,3,0,0,23,0,23,6,5,4,NA19240,FALSE,2,12,18,pacbio,NA19240_chr3_40492732_40492744_AT.svg,1,0,0.04,0,0.5,0
chr3-46980494-46980509-CCCAC,0,0,3,4,25,4,123,17,11,25,5,18,167,2,94,8,1,0,1,26,28,1,29,16,0,0,1,8,9,0,7,3,NA19240,FALSE,5,15,20,pacbio,NA19240_chr3_46980494_46980509_CCCAC.svg,1,1,0,0,0.01,0
chr3-48647391-48647411-GGGA,0,0,5,8,3,1,59,6,13,25,2,6,75,8,31,21,1,5,1,1,8,1,8,4,1,5,2,4,12,11,2,2,NA19240,FALSE,4,20,32,pacbio,NA19240_chr3_48647391_48647411_GGGA.svg,1,1,0,0,0,0
chr3-49605303-49605318-TATAT,0,9,3,30,16,2,123,12,33,52,3,14,147,2,65,0,9,0,6,9,24,0,22,9,24,2,14,18,58,0,7,2,NA19240,FALSE,5,15,150,pacbio,NA19240_chr3_49605303_49605318_TATAT.svg,1,0.3,0,0,0,0
chr3-60861131-60861145-AT,0,0,7,8,33,15,107,41,69,77,17,45,115,2,81,4,0,0,30,4,34,1,41,31,0,1,6,0,7,0,17,6,NA19240,FALSE,2,14,16,pacbio,NA19240_chr3_60861131_60861145_AT.svg,1,1,0,0.03,0.02,0.15
chr3-70973239-70973259-CCCCG,0,0,4,7,12,10,42,5,15,134,15,68,48,0,168,9,0,0,0,7,7,0,13,3,13,0,9,33,55,4,15,14,NA19240,FALSE,5,20,35,pacbio,NA19240_chr3_70973239_70973259_CCCCG.svg,1,1,0,0,0.09,0
chr4-100104681-100104719-TA,0,4,19,25,12,6,137,17,45,115,11,45,150,7,143,13,3,2,59,27,91,6,17,17,8,6,47,8,69,6,11,11,NA19240,FALSE,2,38,50,pacbio,NA19240_chr4_100104681_100104719_TA.svg,1,0.53,0,0,0,0
chr4-163700505-163700529-AAAG,0,0,6,8,17,6,78,19,1,58,9,1,84,2,73,4,0,37,1,6,44,2,19,19,5,18,12,6,41,4,9,9,NA19240,FALSE,4,24,32,pacbio,NA19240_chr4_163700505_163700529_AAAG.svg,1,1,0,0,0,0
chr4-178246735-178246747-GAGG,0,66,3,37,24,1,64,9,18,118,5,29,82,0,133,19,0,4,1,0,5,0,26,4,2,29,41,8,80,9,5,5,NA19240,FALSE,4,12,148,pacbio,NA19240_chr4_178246735_178246747_GAGG.svg,1,0,0,0,0.43,0
chr4-3362852-3362880-GT,0,32,14,45,24,2,164,32,20,41,3,2,186,4,78,19,31,7,35,32,105,3,32,28,15,1,9,15,40,13,3,3,NA19240,FALSE,2,28,90,pacbio,NA19240_chr4_3362852_3362880_GT.svg,1,0.06,0,0.03,0,0
chr4-7027673-7027687-CA,0,0,7,8,13,6,138,17,24,93,8,18,188,9,113,16,0,1,2,17,20,1,17,14,5,3,2,13,23,3,8,8,NA19240,FALSE,2,14,16,pacbio,NA19240_chr4_7027673_7027687_CA.svg,1,1,0,0,0,0
chr5-13991543-13991552-GGA,0,0,3,8,26,6,172,17,32,133,8,12,233,1,221,27,0,8,0,11,19,0,29,10,3,18,5,20,46,8,8,8,NA19240,FALSE,3,9,24,pacbio,NA19240_chr5_13991543_13991552_GGA.svg,1,1,0,0,0.05,0
chr5-172089485-172089497-GTGG,0,0,3,4,27,5,80,25,10,154,8,0,80,1,154,21,5,4,2,0,11,0,31,5,25,9,0,1,35,5,8,7,NA19240,FALSE,4,12,16,pacbio,NA19240_chr5_172089485_172089497_GTGG.svg,1,1,0,0,0.2,0
chr5-177457911-177457923-AGGG,0,0,3,4,35,6,151,22,16,117,9,41,192,1,213,21,0,21,10,5,36,0,39,10,0,15,12,7,34,4,10,9,NA19240,FALSE,4,12,16,pacbio,NA19240_chr5_177457911_177457923_AGGG.svg,1,1,0,0,0.02,0
chr5-32003181-32003191-CA,0,0,5,61,32,2,232,33,145,75,6,30,334,7,82,15,5,4,2,18,29,0,39,16,12,23,4,6,45,11,6,5,NA19240,FALSE,2,10,122,pacbio,NA19240_chr5_32003181_32003191_CA.svg,1,1,0,0.05,0.03,0
chr5-32003373-32003383-CA,0,5,5,71,26,4,405,44,199,132,8,75,661,10,193,21,7,6,6,27,46,1,44,27,36,52,9,49,146,19,8,8,NA19240,FALSE,2,10,142,pacbio,NA19240_chr5_32003373_32003383_CA.svg,1,0.75,0,0,0,0
chr6-12921732-12921744-GAGG,0,0,3,4,22,6,133,21,19,120,10,35,171,2,159,16,0,10,3,2,15,0,23,6,6,17,0,5,28,2,10,9,NA19240,FALSE,4,12,16,pacbio,NA19240_chr6_12921732_12921744_GAGG.svg,1,1,0,0,0.06,0
chr6-168311671-168311681-AC,0,37,5,70,32,0,32,9,3,10,2,0,142,0,30,27,1,0,1,4,6,0,33,2,10,2,0,10,22,20,2,2,NA19240,FALSE,2,10,140,pacbio,NA19240_chr6_168311671_168311681_AC.svg,1,0.12,0.01,0.28,0.47,0
chr6-3670296-3670305-TGC,0,31,3,32,23,1,213,16,54,103,4,9,272,1,123,39,1,5,17,13,36,0,29,12,1,9,61,11,82,28,4,4,NA19240,FALSE,3,9,96,pacbio,NA19240_chr6_3670296_3670305_TGC.svg,1,0.02,0,0,0,0
chr6-75804920-75804970-ATATACACAT,0,4,5,8,22,5,200,29,29,57,7,18,241,5,63,4,28,57,29,30,144,4,29,27,20,14,8,7,49,3,8,7,NA19240,FALSE,10,50,80,pacbio,NA19240_chr6_75804920_75804970_ATATACACAT.svg,1,0.14,0,0,0,0
chr7-1540385-1540413-GGGCGGC,0,6,4,7,37,5,307,46,18,77,9,3,334,3,85,11,0,32,144,1,177,2,46,46,1,6,66,0,73,10,9,9,NA19240,FALSE,7,28,49,pacbio,NA19240_chr7_1540385_1540413_GGGCGGC.svg,1,0.03,0,0,0,0
chr7-4808057-4808069-CTCC,0,23,3,9,17,3,177,17,0,107,5,11,254,7,140,27,17,1,1,2,21,0,20,9,15,0,4,23,42,8,5,5,NA19240,FALSE,4,12,36,pacbio,NA19240_chr7_4808057_4808069_CTCC.svg,1,0,0,0,0.01,0
chr8-139804304-139804316-ACC,0,18,4,46,17,3,131,18,56,107,7,57,181,5,154,23,3,1,3,3,10,0,23,6,20,7,9,77,113,14,7,7,NA19240,FALSE,3,12,138,pacbio,NA19240_chr8_139804304_139804316_ACC.svg,1,0.21,0,0,0.1,0
chr8-19208559-19208579-AGAA,0,0,5,8,37,12,66,18,20,71,14,35,68,0,286,4,0,3,0,4,7,0,38,6,9,4,23,12,48,1,16,14,NA19240,FALSE,4,20,32,pacbio,NA19240_chr8_19208559_19208579_AGAA.svg,1,1,0,0,0.47,0
chr8-41765133-41765161-TCTT,0,0,7,9,23,9,121,27,4,69,14,44,129,5,69,6,1,9,0,107,117,4,28,27,0,0,0,44,44,4,15,13,NA19240,FALSE,4,28,36,pacbio,NA19240_chr8_41765133_41765161_TCTT.svg,1,1,0,0,0,0
chr8-74604427-74604439-GCGG,0,2,3,6,14,7,114,13,15,169,11,49,151,8,297,22,0,1,2,1,4,0,17,3,1,6,24,17,48,2,13,10,NA19240,FALSE,4,12,24,pacbio,NA19240_chr8_74604427_74604439_GCGG.svg,1,0.26,0,0,0.32,0
chr8-92949613-92949625-AGGG,0,0,3,4,23,6,94,16,2,96,7,7,114,1,173,24,1,11,2,0,14,0,25,7,3,22,0,6,31,6,8,7,NA19240,FALSE,4,12,16,pacbio,NA19240_chr8_92949613_92949625_AGGG.svg,1,1,0,0,0.09,0
chr9-134685838-134685850-CCAT,0,20,3,40,28,1,105,17,32,53,3,11,204,1,59,25,4,3,3,3,13,0,31,6,25,6,17,3,51,22,3,2,NA19240,FALSE,4,12,160,pacbio,NA19240_chr9_134685838_134685850_CCAT.svg,1,0.14,0,0.01,0.15,0
chr9-2810062-2810071-GCA,0,0,3,4,18,2,206,10,6,57,3,13,294,0,93,35,3,4,1,25,33,0,24,9,0,1,0,13,14,4,3,3,NA19240,FALSE,3,9,12,pacbio,NA19240_chr9_2810062_2810071_GCA.svg,1,1,0,0,0,0
chr9-84467419-84467429-GT,0,0,5,52,28,3,163,26,89,82,6,45,188,4,93,16,5,3,13,2,23,0,33,14,22,7,14,8,51,6,6,6,NA19240,FALSE,2,10,104,pacbio,NA19240_chr9_84467419_84467429_GT.svg,1,1,0,0.02,0.04,0
chrX-10311493-10311502-CTC,0,0,3,7,17,2,36,9,1,31,3,3,41,1,33,13,0,0,1,0,1,0,18,1,0,2,3,0,5,2,3,2,NA19240,FALSE,3,9,21,pacbio,NA19240_chrX_10311493_10311502_CTC.svg,1,1,0.26,0.06,0.79,0
chrX-17718645-17718657-GAAG,0,27,3,9,12,1,53,7,5,34,3,1,68,0,128,27,1,5,3,2,11,0,15,3,10,9,19,8,46,13,4,2,NA19240,FALSE,4,12,36,pacbio,NA19240_chrX_17718645_17718657_GAAG.svg,1,0,0,0,0.03,0
chrX-31762429-31762438-GTG,0,0,3,4,24,4,24,3,1,36,6,4,27,0,40,6,4,0,0,1,5,0,25,2,6,0,0,3,9,3,6,3,NA19240,FALSE,3,9,12,pacbio,NA19240_chrX_31762429_31762438_GTG.svg,1,1,0,0,0.43,0
chrX-33008828-33008852-TA,0,56,12,70,22,2,92,26,4,90,5,18,97,3,107,23,0,1,25,51,77,3,27,25,4,2,37,15,58,4,6,5,NA19240,FALSE,2,24,140,pacbio,NA19240_chrX_33008828_33008852_TA.svg,1,0.04,0,0.04,0,0
chrX-98625296-98625316-TCCCT,0,12,4,6,5,2,107,6,6,51,3,7,155,19,78,23,5,0,7,0,12,0,9,4,12,0,4,1,17,5,3,3,NA19240,FALSE,5,20,30,pacbio,NA19240_chrX_98625296_98625316_TCCCT.svg,1,0,0,0,0,0
